,0
0,"Adolescent fertility rate (births per 1,000 women ages 15-19)"
1,Age dependency ratio (% of working-age population)
2,"Age dependency ratio, old (% of working-age population)"
3,"Age dependency ratio, young (% of working-age population)"
4,Arms exports (SIPRI trend indicator values)
5,Arms imports (SIPRI trend indicator values)
6,"Birth rate, crude (per 1,000 people)"
7,CO2 emissions (kt)
8,CO2 emissions (metric tons per capita)
9,CO2 emissions from gaseous fuel consumption (% of total)
10,CO2 emissions from liquid fuel consumption (% of total)
11,CO2 emissions from liquid fuel consumption (kt)
12,CO2 emissions from solid fuel consumption (% of total)
13,"Death rate, crude (per 1,000 people)"
14,"Fertility rate, total (births per woman)"
15,Fixed telephone subscriptions
16,Fixed telephone subscriptions (per 100 people)
17,"Hospital beds (per 1,000 people)"
18,International migrant stock (% of population)
19,"International migrant stock, total"
20,"Life expectancy at birth, female (years)"
21,"Life expectancy at birth, male (years)"
22,"Life expectancy at birth, total (years)"
23,Merchandise exports (current US$)
24,Merchandise exports by the reporting economy (current US$)
25,"Merchandise exports by the reporting economy, residual (% of total merchandise exports)"
26,Merchandise exports to developing economies in East Asia & Pacific (% of total merchandise exports)
27,Merchandise exports to developing economies in Latin America & the Caribbean (% of total merchandise exports)
28,Merchandise exports to developing economies in Middle East & North Africa (% of total merchandise exports)
29,Merchandise exports to developing economies in South Asia (% of total merchandise exports)
30,Merchandise exports to developing economies in Sub-Saharan Africa (% of total merchandise exports)
31,Merchandise exports to developing economies outside region (% of total merchandise exports)
32,Merchandise exports to developing economies within region (% of total merchandise exports)
33,Merchandise exports to economies in the Arab World (% of total merchandise exports)
34,Merchandise exports to high-income economies (% of total merchandise exports)
35,Merchandise imports (current US$)
36,Merchandise imports by the reporting economy (current US$)
37,"Merchandise imports by the reporting economy, residual (% of total merchandise imports)"
38,Merchandise imports from developing economies in East Asia & Pacific (% of total merchandise imports)
39,Merchandise imports from developing economies in Latin America & the Caribbean (% of total merchandise imports)
40,Merchandise imports from developing economies in Middle East & North Africa (% of total merchandise imports)
41,Merchandise imports from developing economies in South Asia (% of total merchandise imports)
42,Merchandise imports from developing economies in Sub-Saharan Africa (% of total merchandise imports)
43,Merchandise imports from developing economies outside region (% of total merchandise imports)
44,Merchandise imports from developing economies within region (% of total merchandise imports)
45,Merchandise imports from economies in the Arab World (% of total merchandise imports)
46,Merchandise imports from high-income economies (% of total merchandise imports)
47,Merchandise trade (% of GDP)
48,Mobile cellular subscriptions
49,Mobile cellular subscriptions (per 100 people)
50,"Mortality rate, adult, female (per 1,000 female adults)"
51,"Mortality rate, adult, male (per 1,000 male adults)"
52,"Mortality rate, infant (per 1,000 live births)"
53,"Mortality rate, under-5 (per 1,000)"
54,"Net bilateral aid flows from DAC donors, European Union institutions (current US$)"
55,"Net bilateral aid flows from DAC donors, France (current US$)"
56,"Net bilateral aid flows from DAC donors, Germany (current US$)"
57,"Net bilateral aid flows from DAC donors, Italy (current US$)"
58,"Net bilateral aid flows from DAC donors, Japan (current US$)"
59,"Net bilateral aid flows from DAC donors, Total (current US$)"
60,"Net bilateral aid flows from DAC donors, United Kingdom (current US$)"
61,"Net bilateral aid flows from DAC donors, United States (current US$)"
62,Net ODA received per capita (current US$)
63,Net official development assistance and official aid received (constant 2012 US$)
64,Net official development assistance and official aid received (current US$)
65,Net official development assistance received (constant 2012 US$)
66,Net official development assistance received (current US$)
67,Population ages 65 and above (% of total)
68,Population in the largest city (% of urban population)
69,Population in urban agglomerations of more than 1 million (% of total population)
70,"Population, ages 0-14 (% of total)"
71,"Population, ages 15-64 (% of total)"
72,"Population, female (% of total)"
73,"Population, total"
74,Rural population
75,Rural population (% of total population)
76,"Survival to age 65, female (% of cohort)"
77,"Survival to age 65, male (% of cohort)"
78,Urban population
79,Urban population (% of total)
80,Exports of goods and services (current US$)
81,GDP at market prices (current US$)
82,GDP per capita (current US$)
83,GNI (current US$)
84,Gross capital formation (current US$)
85,"Net bilateral aid flows from DAC donors, Canada (current US$)"
86,"Net bilateral aid flows from DAC donors, Netherlands (current US$)"
87,Net ODA received (% of GNI)
88,Net ODA received (% of gross capital formation)
89,Alternative and nuclear energy (% of total energy use)
90,"CO2 emissions from electricity and heat production, total (% of total fuel combustion)"
91,CO2 emissions from manufacturing industries and construction (% of total fuel combustion)
92,"CO2 emissions from other sectors, excluding residential buildings and commercial and public services (% of total fuel combustion)"
93,CO2 emissions from residential buildings and commercial and public services (% of total fuel combustion)
94,CO2 emissions from solid fuel consumption (kt)
95,CO2 emissions from transport (% of total fuel combustion)
96,CO2 intensity (kg per kg of oil equivalent energy use)
97,Combustible renewables and waste (% of total energy)
98,Electric power transmission and distribution losses (% of output)
99,"Electricity production from renewable sources, excluding hydroelectric (kWh)"
100,"Energy imports, net (% of energy use)"
101,Fossil fuel energy consumption (% of total)
102,"Agriculture, value added (constant 2005 US$)"
103,CO2 emissions (kg per 2005 US$ of GDP)
104,Exports of goods and services (% of GDP)
105,External balance on goods and services (% of GDP)
106,GDP at market prices (constant 2005 US$)
107,GDP per capita (constant 2005 US$)
108,General government final consumption expenditure (% of GDP)
109,General government final consumption expenditure (constant 2005 US$)
110,General government final consumption expenditure (current US$)
111,GNI (constant 2005 US$)
112,GNI per capita (constant 2005 US$)
113,Gross domestic income (constant 2005 US$)
114,Gross fixed capital formation (% of GDP)
115,Gross fixed capital formation (current US$)
116,Gross national expenditure (constant 2005 US$)
117,Gross national expenditure (current US$)
118,Imports of goods and services (% of GDP)
119,Imports of goods and services (current US$)
120,"Net bilateral aid flows from DAC donors, Austria (current US$)"
121,"Net bilateral aid flows from DAC donors, Belgium (current US$)"
122,"Net bilateral aid flows from DAC donors, Denmark (current US$)"
123,"Net bilateral aid flows from DAC donors, Korea, Rep. (current US$)"
124,"Net bilateral aid flows from DAC donors, Norway (current US$)"
125,"Net bilateral aid flows from DAC donors, Portugal (current US$)"
126,"Net bilateral aid flows from DAC donors, Sweden (current US$)"
127,"Net bilateral aid flows from DAC donors, Switzerland (current US$)"
128,"Portfolio equity, net inflows (BoP, current US$)"
129,Trade (% of GDP)
130,"Agriculture, value added (% of GDP)"
131,"Agriculture, value added (current US$)"
132,"Final consumption expenditure, etc. (current US$)"
133,Gross capital formation (% of GDP)
134,Gross domestic savings (% of GDP)
135,Gross domestic savings (current US$)
136,Household final consumption expenditure (current US$)
137,"Household final consumption expenditure, etc. (% of GDP)"
138,"Household final consumption expenditure, etc. (current US$)"
139,"Industry, value added (% of GDP)"
140,"Industry, value added (constant 2005 US$)"
141,"Industry, value added (current US$)"
142,"Manufacturing, value added (% of GDP)"
143,"Manufacturing, value added (current US$)"
144,"Services, etc., value added (% of GDP)"
145,"Services, etc., value added (constant 2005 US$)"
146,"Services, etc., value added (current US$)"
147,Electric power consumption (kWh per capita)
148,Electricity production from coal sources (% of total)
149,Electricity production from hydroelectric sources (% of total)
150,Electricity production from natural gas sources (% of total)
151,Electricity production from nuclear sources (% of total)
152,Electricity production from oil sources (% of total)
153,"Electricity production from oil, gas and coal sources (% of total)"
154,"Electricity production from renewable sources, excluding hydroelectric (% of total)"
155,Energy use (kg of oil equivalent per capita)
156,Exports of goods and services (constant 2005 US$)
157,Imports of goods and services (constant 2005 US$)
158,"Trademark applications, direct nonresident"
159,"Trademark applications, direct resident"
160,"Trademark applications, total"
161,Number of infant deaths
162,Number of under-five deaths
163,CO2 emissions from gaseous fuel consumption (kt)
164,Gross fixed capital formation (constant 2005 US$)
165,Final consumption expenditure (constant 2005 US$)
166,"Final consumption expenditure, etc. (constant 2005 US$)"
167,Gross capital formation (constant 2005 US$)
168,Gross value added at factor cost (current US$)
169,Household final consumption expenditure (constant 2005 US$)
170,Household final consumption expenditure per capita (constant 2005 US$)
171,"Household final consumption expenditure, etc. (constant 2005 US$)"
172,"Manufacturing, value added (constant 2005 US$)"
173,"Gross fixed capital formation, private sector (% of GDP)"
174,"Patent applications, nonresidents"
175,"Patent applications, residents"
176,Gross value added at factor cost (constant 2005 US$)
177,DEC alternative conversion factor (LCU per US$)
178,Exports of goods and services (current LCU)
179,External balance on goods and services (current LCU)
180,External balance on goods and services (current US$)
181,Final consumption expenditure (current LCU)
182,Final consumption expenditure (current US$)
183,"Final consumption expenditure, etc. (% of GDP)"
184,"Final consumption expenditure, etc. (current LCU)"
185,GDP (current LCU)
186,GDP per capita (current LCU)
187,GNI (current LCU)
188,GNI per capita (current LCU)
189,Gross capital formation (current LCU)
190,Gross domestic savings (current LCU)
191,Gross national expenditure (% of GDP)
192,Gross national expenditure (current LCU)
193,Gross value added at factor cost (current LCU)
194,Household final consumption expenditure (current LCU)
195,Imports of goods and services (current LCU)
196,Net income from abroad (current LCU)
197,Net income from abroad (current US$)
198,Net taxes on products (current LCU)
199,Net taxes on products (current US$)
200,"Official exchange rate (LCU per US$, period average)"
201,"Physicians (per 1,000 people)"
202,Population growth (annual %)
203,Population in largest city
204,Population in urban agglomerations of more than 1 million
205,Rural population growth (annual %)
206,"Total reserves (includes gold, current US$)"
207,Total reserves minus gold (current US$)
208,Urban population growth (annual %)
209,"Agriculture, value added (constant LCU)"
210,"Agriculture, value added (current LCU)"
211,Discrepancy in expenditure estimate of GDP (constant LCU)
212,Discrepancy in expenditure estimate of GDP (current LCU)
213,Exports as a capacity to import (constant LCU)
214,Exports of goods and services (constant LCU)
215,External balance on goods and services (constant LCU)
216,Final consumption expenditure (constant LCU)
217,"Final consumption expenditure, etc. (constant LCU)"
218,GDP (constant LCU)
219,GDP deflator (base year varies by country)
220,GDP per capita (constant LCU)
221,General government final consumption expenditure (constant LCU)
222,General government final consumption expenditure (current LCU)
223,GNI (constant LCU)
224,GNI per capita (constant LCU)
225,Gross capital formation (constant LCU)
226,Gross domestic income (constant LCU)
227,Gross domestic savings (constant LCU)
228,Gross national expenditure (constant LCU)
229,Gross national expenditure deflator (base year varies by country)
230,Household final consumption expenditure (constant LCU)
231,"Household final consumption expenditure, etc. (constant LCU)"
232,"Household final consumption expenditure, etc. (current LCU)"
233,Imports of goods and services (constant LCU)
234,"Industry, value added (constant LCU)"
235,"Industry, value added (current LCU)"
236,"Manufacturing, value added (current LCU)"
237,Terms of trade adjustment (constant LCU)
238,Changes in inventories (constant LCU)
239,Changes in inventories (current LCU)
240,Gross fixed capital formation (constant LCU)
241,Gross fixed capital formation (current LCU)
242,Adjusted savings: gross savings (% of GNI)
243,Changes in inventories (current US$)
244,Consumer price index (2010 = 100)
245,Gross savings (% of GDP)
246,Gross savings (% of GNI)
247,Gross savings (current LCU)
248,Gross savings (current US$)
249,Net current transfers from abroad (current LCU)
250,Net current transfers from abroad (current US$)
251,"Net secondary income (BoP, current US$)"
252,Wholesale price index (2010 = 100)
253,Net current transfers from abroad (constant LCU)
254,Gross value added at factor cost (constant LCU)
255,"Manufacturing, value added (constant LCU)"
256,"Services, etc., value added (constant LCU)"
257,"Services, etc., value added (current LCU)"
258,Net income from abroad (constant LCU)
259,Deposit interest rate (%)
260,Internet users (per 100 people)
261,Net taxes on products (constant LCU)
262,Lending interest rate (%)
263,"Risk premium on lending (lending rate minus treasury bill rate, %)"
264,"Gross fixed capital formation, private sector (current LCU)"
265,"Interest rate spread (lending rate minus deposit rate, %)"
266,Agricultural land (% of land area)
267,Agricultural land (sq. km)
268,"Agricultural machinery, tractors"
269,"Agricultural machinery, tractors per 100 sq. km of arable land"
270,Arable land (% of land area)
271,Arable land (hectares per person)
272,Cereal production (metric tons)
273,Cereal yield (kg per hectare)
274,Crop production index (2004-2006 = 100)
275,Food production index (2004-2006 = 100)
276,Land area (sq. km)
277,Land under cereal production (hectares)
278,Livestock production index (2004-2006 = 100)
279,Permanent cropland (% of land area)
280,Population density (people per sq. km of land area)
281,Surface area (sq. km)
282,"Agriculture, value added (annual % growth)"
283,GDP growth (annual %)
284,GDP per capita growth (annual %)
285,General government final consumption expenditure (annual % growth)
286,GNI growth (annual %)
287,GNI per capita growth (annual %)
288,"Industry, value added (annual % growth)"
289,"Services, etc., value added (annual % growth)"
290,Exports of goods and services (annual % growth)
291,Imports of goods and services (annual % growth)
292,"Inflation, consumer prices (annual %)"
293,"Inflation, GDP deflator (annual %)"
294,Gross fixed capital formation (annual % growth)
295,"Final consumption expenditure, etc. (annual % growth)"
296,Gross capital formation (annual % growth)
297,Household final consumption expenditure (annual % growth)
298,Household final consumption expenditure per capita growth (annual %)
299,"Household final consumption expenditure, etc. (annual % growth)"
300,"Manufacturing, value added (annual % growth)"
301,Arable land (hectares)
302,Real interest rate (%)
303,"Maternal mortality ratio (national estimate, per 100,000 live births)"
304,Net migration
305,Renewable internal freshwater resources per capita (cubic meters)
306,"Renewable internal freshwater resources, total (billion cubic meters)"
307,"GNI per capita, Atlas method (current US$)"
308,"GNI, Atlas method (current US$)"
309,Agricultural raw materials exports (% of merchandise exports)
310,Agricultural raw materials imports (% of merchandise imports)
311,Food exports (% of merchandise exports)
312,Food imports (% of merchandise imports)
313,Fuel exports (% of merchandise exports)
314,Fuel imports (% of merchandise imports)
315,Manufactures exports (% of merchandise exports)
316,Manufactures imports (% of merchandise imports)
317,Ores and metals exports (% of merchandise exports)
318,Ores and metals imports (% of merchandise imports)
319,Average precipitation in depth (mm per year)
320,"Annual freshwater withdrawals, total (% of internal resources)"
321,"Annual freshwater withdrawals, total (billion cubic meters)"
322,Chemicals (% of value added in manufacturing)
323,"Food, beverages and tobacco (% of value added in manufacturing)"
324,Machinery and transport equipment (% of value added in manufacturing)
325,Other manufacturing (% of value added in manufacturing)
326,Textiles and clothing (% of value added in manufacturing)
327,"Net bilateral aid flows from DAC donors, Australia (current US$)"
328,"Prevalence of stunting, height for age (% of children under 5)"
329,"Prevalence of underweight, weight for age (% of children under 5)"
330,"Prevalence of wasting, weight for height (% of children under 5)"
331,"Water productivity, total (constant 2005 US$ GDP per cubic meter of total freshwater withdrawal)"
332,"Annual freshwater withdrawals, agriculture (% of total freshwater withdrawal)"
333,"Annual freshwater withdrawals, domestic (% of total freshwater withdrawal)"
334,"Annual freshwater withdrawals, industry (% of total freshwater withdrawal)"
335,"Net official flows from UN agencies, UNDP (current US$)"
336,Contraceptive prevalence (% of women ages 15-49)
337,"Net official flows from UN agencies, UNHCR (current US$)"
338,"Net official flows from UN agencies, UNRWA (current US$)"
339,"Net official flows from UN agencies, UNTA (current US$)"
340,"Net official flows from UN agencies, WFP (current US$)"
341,"Prevalence of overweight, weight for height (% of children under 5)"
342,"Adjusted net enrolment rate, primary, both sexes (%)"
343,"Adjusted net enrolment rate, primary, female (%)"
344,"Adjusted net enrolment rate, primary, male (%)"
345,Adjusted savings: carbon dioxide damage (% of GNI)
346,Adjusted savings: consumption of fixed capital (% of GNI)
347,Adjusted savings: education expenditure (% of GNI)
348,Adjusted savings: energy depletion (% of GNI)
349,Adjusted savings: mineral depletion (% of GNI)
350,Adjusted savings: natural resources depletion (% of GNI)
351,Adjusted savings: net forest depletion (% of GNI)
352,"Air transport, freight (million ton-km)"
353,"Air transport, passengers carried"
354,"Air transport, registered carrier departures worldwide"
355,Coal rents (% of GDP)
356,"Enrolment in primary education, both sexes (number)"
357,"Enrolment in secondary education, both sexes (number)"
358,"Enrolment in secondary general, both sexes (number)"
359,"Enrolment in secondary vocational, both sexes (number)"
360,"Foreign direct investment, net inflows (% of GDP)"
361,"Foreign direct investment, net inflows (BoP, current US$)"
362,Forest rents (% of GDP)
363,"Gross enrolment ratio, pre-primary, both sexes (%)"
364,"Gross enrolment ratio, pre-primary, female (%)"
365,"Gross enrolment ratio, pre-primary, male (%)"
366,"Gross enrolment ratio, primary and secondary, gender parity index (GPI)"
367,"Gross enrolment ratio, primary, both sexes (%)"
368,"Gross enrolment ratio, primary, female (%)"
369,"Gross enrolment ratio, primary, gender parity index (GPI)"
370,"Gross enrolment ratio, primary, male (%)"
371,"Gross enrolment ratio, secondary, both sexes (%)"
372,"Gross enrolment ratio, secondary, female (%)"
373,"Gross enrolment ratio, secondary, gender parity index (GPI)"
374,"Gross enrolment ratio, secondary, male (%)"
375,"Gross enrolment ratio, tertiary, both sexes (%)"
376,"Gross enrolment ratio, tertiary, female (%)"
377,"Gross enrolment ratio, tertiary, gender parity index (GPI)"
378,"Gross enrolment ratio, tertiary, male (%)"
379,"Lower secondary completion rate, both sexes (%)"
380,Mineral rents (% of GDP)
381,Natural gas rents (% of GDP)
382,"Net enrolment rate, primary, both sexes (%)"
383,"Net enrolment rate, primary, female (%)"
384,"Net enrolment rate, primary, male (%)"
385,"Net enrolment rate, secondary, both sexes (%)"
386,"Net enrolment rate, secondary, female (%)"
387,"Net enrolment rate, secondary, male (%)"
388,"Net official flows from UN agencies, UNICEF (current US$)"
389,Oil rents (% of GDP)
390,"Out-of-school children of primary school age, both sexes (number)"
391,"Out-of-school children of primary school age, female (number)"
392,"Out-of-school children of primary school age, male (number)"
393,Percentage of enrolment in primary education in private institutions (%)
394,"Percentage of repeaters in primary education, all grades, both sexes (%)"
395,"Percentage of repeaters in primary education, all grades, female (%)"
396,"Percentage of repeaters in primary education, all grades, male (%)"
397,Percentage of students in primary education who are female (%)
398,Percentage of students in secondary education who are female (%)
399,Percentage of students in secondary general education who are female (%)
400,Percentage of students in secondary vocational education who are female (%)
401,Percentage of teachers in primary education who are female (%)
402,Percentage of teachers in secondary education who are female (%)
403,"Personal remittances, received (current US$)"
404,"Primary completion rate, both sexes (%)"
405,"Primary completion rate, female (%)"
406,"Primary completion rate, male (%)"
407,Public and publicly guaranteed debt service (% of GNI)
408,Pupil-teacher ratio in primary education (headcount basis)
409,Pupil-teacher ratio in secondary education (headcount basis)
410,"Survival rate to the last grade of primary education, both sexes (%)"
411,"Teachers in primary education, both sexes (number)"
412,"Teachers in secondary education, both sexes (number)"
413,"Teachers in secondary education, female (number)"
414,Total debt service (% of GNI)
415,Total natural resources rents (% of GDP)
416,Adjusted net national income (current US$)
417,Adjusted net national income per capita (current US$)
418,"Lower secondary completion rate, female (%)"
419,"Lower secondary completion rate, male (%)"
420,"Net financial flows, IBRD (NFL, current US$)"
421,"Net financial flows, IDA (NFL, current US$)"
422,"Personal remittances, paid (current US$)"
423,"Gross intake ratio to Grade 1 of primary education, both sexes (%)"
424,"Primary to secondary general education transition rate, both sexes (%)"
425,Adjusted net national income (constant 2005 US$)
426,Adjusted net national income per capita (constant 2005 US$)
427,"Net bilateral aid flows from DAC donors, Finland (current US$)"
428,"Net bilateral aid flows from DAC donors, New Zealand (current US$)"
429,Percentage of teachers in tertiary education who are female (%)
430,Average grace period on new external debt commitments (years)
431,"Average grace period on new external debt commitments, official (years)"
432,"Average grace period on new external debt commitments, private (years)"
433,Average grant element on new external debt commitments (%)
434,"Average grant element on new external debt commitments, official (%)"
435,"Average grant element on new external debt commitments, private (%)"
436,Average interest on new external debt commitments (%)
437,"Average interest on new external debt commitments, official (%)"
438,"Average interest on new external debt commitments, private (%)"
439,Average maturity on new external debt commitments (years)
440,"Average maturity on new external debt commitments, official (years)"
441,"Average maturity on new external debt commitments, private (years)"
442,"Commercial banks and other lending (PPG + PNG) (NFL, current US$)"
443,"Commitments, IBRD (COM, current US$)"
444,"Commitments, IDA (COM, current US$)"
445,"Commitments, official creditors (COM, current US$)"
446,"Commitments, private creditors (COM, current US$)"
447,"Commitments, public and publicly guaranteed (COM, current US$)"
448,Concessional debt (% of total external debt)
449,"Currency composition of PPG debt, all other currencies (%)"
450,"Currency composition of PPG debt, Deutsche mark (%)"
451,"Currency composition of PPG debt, French franc (%)"
452,"Currency composition of PPG debt, Japanese yen (%)"
453,"Currency composition of PPG debt, Multiple currencies (%)"
454,"Currency composition of PPG debt, Pound sterling (%)"
455,"Currency composition of PPG debt, SDR (%)"
456,"Currency composition of PPG debt, Swiss franc (%)"
457,"Currency composition of PPG debt, U.S. dollars (%)"
458,Debt forgiveness grants (current US$)
459,"Debt service on external debt, long-term (TDS, current US$)"
460,"Debt service on external debt, private nonguaranteed (PNG) (TDS, current US$)"
461,"Debt service on external debt, public and publicly guaranteed (PPG) (TDS, current US$)"
462,"Debt service on external debt, total (TDS, current US$)"
463,"Disbursements on external debt, long-term (DIS, current US$)"
464,"Disbursements on external debt, long-term + IMF (DIS, current US$)"
465,"Disbursements on external debt, private nonguaranteed (PNG) (DIS, current US$)"
466,"Disbursements on external debt, public and publicly guaranteed (PPG) (DIS, current US$)"
467,"EBRD, private nonguaranteed (NFL, current US$)"
468,External debt stocks (% of GNI)
469,"External debt stocks, concessional (DOD, current US$)"
470,"External debt stocks, long-term (DOD, current US$)"
471,"External debt stocks, long-term private sector (DOD, current US$)"
472,"External debt stocks, long-term public sector (DOD, current US$)"
473,"External debt stocks, private nonguaranteed (PNG) (DOD, current US$)"
474,"External debt stocks, public and publicly guaranteed (PPG) (DOD, current US$)"
475,"External debt stocks, short-term (DOD, current US$)"
476,"External debt stocks, total (DOD, current US$)"
477,"External debt stocks, variable rate (DOD, current US$)"
478,"IBRD loans and IDA credits (DOD, current US$)"
479,IDA grants (current US$)
480,"IFC, private nonguaranteed (NFL, current US$)"
481,"IMF charges (INT, current US$)"
482,"IMF purchases (DIS, current US$)"
483,"IMF repurchases (AMT, current US$)"
484,"IMF repurchases and charges (TDS, current US$)"
485,"Interest arrears, long-term DOD (US$)"
486,"Interest arrears, official creditors (current US$)"
487,"Interest arrears, private creditors (current US$)"
488,Interest payments on external debt (% of GNI)
489,"Interest payments on external debt, long-term (INT, current US$)"
490,"Interest payments on external debt, private nonguaranteed (PNG) (INT, current US$)"
491,"Interest payments on external debt, public and publicly guaranteed (PPG) (INT, current US$)"
492,"Interest payments on external debt, short-term (INT, current US$)"
493,"Interest payments on external debt, total (INT, current US$)"
494,Multilateral debt (% of total external debt)
495,Multilateral debt service (% of public and publicly guaranteed debt service)
496,"Multilateral debt service (TDS, current US$)"
497,"Net financial flows, bilateral (NFL, current US$)"
498,"Net financial flows, IMF concessional (NFL, current US$)"
499,"Net financial flows, IMF nonconcessional (NFL, current US$)"
500,"Net financial flows, multilateral (NFL, current US$)"
501,"Net financial flows, others (NFL, current US$)"
502,"Net financial flows, RDB concessional (NFL, current US$)"
503,"Net financial flows, RDB nonconcessional (NFL, current US$)"
504,"Net flows on external debt, long-term (NFL, current US$)"
505,"Net flows on external debt, private nonguaranteed (PNG) (NFL, current US$)"
506,"Net flows on external debt, public and publicly guaranteed (PPG) (NFL, current US$)"
507,"Net flows on external debt, short-term (NFL, current US$)"
508,"Net flows on external debt, total (NFL, current US$)"
509,"Net transfers on external debt, long-term (NTR, current US$)"
510,"Net transfers on external debt, private nonguaranteed (PNG) (NTR, current US$)"
511,"Net transfers on external debt, public and publicly guaranteed (PPG) (NTR, current US$)"
512,"Net transfers on external debt, total (NTR, current US$)"
513,"PNG, bonds (AMT, current US$)"
514,"PNG, bonds (DIS, current US$)"
515,"PNG, bonds (DOD, current US$)"
516,"PNG, bonds (INT, current US$)"
517,"PNG, bonds (NFL, current US$)"
518,"PNG, bonds (NTR, current US$)"
519,"PNG, bonds (TDS, current US$)"
520,"PNG, commercial banks and other creditors (AMT, current US$)"
521,"PNG, commercial banks and other creditors (DIS, current US$)"
522,"PNG, commercial banks and other creditors (DOD, current US$)"
523,"PNG, commercial banks and other creditors (INT, current US$)"
524,"PNG, commercial banks and other creditors (NFL, current US$)"
525,"PNG, commercial banks and other creditors (NTR, current US$)"
526,"PNG, commercial banks and other creditors (TDS, current US$)"
527,"Portfolio investment, bonds (PPG + PNG) (NFL, current US$)"
528,"PPG, bilateral (AMT, current US$)"
529,"PPG, bilateral (DIS, current US$)"
530,"PPG, bilateral (DOD, current US$)"
531,"PPG, bilateral (INT, current US$)"
532,"PPG, bilateral (NTR, current US$)"
533,"PPG, bilateral (TDS, current US$)"
534,"PPG, bilateral concessional (AMT, current US$)"
535,"PPG, bilateral concessional (DIS, current US$)"
536,"PPG, bilateral concessional (DOD, current US$)"
537,"PPG, bilateral concessional (INT, current US$)"
538,"PPG, bilateral concessional (NFL, current US$)"
539,"PPG, bilateral concessional (NTR, current US$)"
540,"PPG, bilateral concessional (TDS, current US$)"
541,"PPG, bonds (AMT, current US$)"
542,"PPG, bonds (DIS, current US$)"
543,"PPG, bonds (DOD, current US$)"
544,"PPG, bonds (INT, current US$)"
545,"PPG, bonds (NFL, current US$)"
546,"PPG, bonds (NTR, current US$)"
547,"PPG, bonds (TDS, current US$)"
548,"PPG, commercial banks (AMT, current US$)"
549,"PPG, commercial banks (DIS, current US$)"
550,"PPG, commercial banks (DOD, current US$)"
551,"PPG, commercial banks (INT, current US$)"
552,"PPG, commercial banks (NFL, current US$)"
553,"PPG, commercial banks (NTR, current US$)"
554,"PPG, commercial banks (TDS, current US$)"
555,"PPG, IBRD (AMT, current US$)"
556,"PPG, IBRD (DIS, current US$)"
557,"PPG, IBRD (DOD, current US$)"
558,"PPG, IBRD (INT, current US$)"
559,"PPG, IBRD (NTR, current US$)"
560,"PPG, IBRD (TDS, current US$)"
561,"PPG, IDA (AMT, current US$)"
562,"PPG, IDA (DIS, current US$)"
563,"PPG, IDA (DOD, current US$)"
564,"PPG, IDA (INT, current US$)"
565,"PPG, IDA (NTR, current US$)"
566,"PPG, IDA (TDS, current US$)"
567,"PPG, multilateral (AMT, current US$)"
568,"PPG, multilateral (DIS, current US$)"
569,"PPG, multilateral (DOD, current US$)"
570,"PPG, multilateral (INT, current US$)"
571,"PPG, multilateral (NTR, current US$)"
572,"PPG, multilateral concessional (AMT, current US$)"
573,"PPG, multilateral concessional (DIS, current US$)"
574,"PPG, multilateral concessional (DOD, current US$)"
575,"PPG, multilateral concessional (INT, current US$)"
576,"PPG, multilateral concessional (NFL, current US$)"
577,"PPG, multilateral concessional (NTR, current US$)"
578,"PPG, multilateral concessional (TDS, current US$)"
579,"PPG, official creditors (AMT, current US$)"
580,"PPG, official creditors (DIS, current US$)"
581,"PPG, official creditors (DOD, current US$)"
582,"PPG, official creditors (INT, current US$)"
583,"PPG, official creditors (NFL, current US$)"
584,"PPG, official creditors (NTR, current US$)"
585,"PPG, official creditors (TDS, current US$)"
586,"PPG, other private creditors (AMT, current US$)"
587,"PPG, other private creditors (DIS, current US$)"
588,"PPG, other private creditors (DOD, current US$)"
589,"PPG, other private creditors (INT, current US$)"
590,"PPG, other private creditors (NFL, current US$)"
591,"PPG, other private creditors (NTR, current US$)"
592,"PPG, other private creditors (TDS, current US$)"
593,"PPG, private creditors (AMT, current US$)"
594,"PPG, private creditors (DIS, current US$)"
595,"PPG, private creditors (DOD, current US$)"
596,"PPG, private creditors (INT, current US$)"
597,"PPG, private creditors (NFL, current US$)"
598,"PPG, private creditors (NTR, current US$)"
599,"PPG, private creditors (TDS, current US$)"
600,"Primary income on FDI, payments (current US$)"
601,"Principal arrears, long-term DOD (US$)"
602,"Principal arrears, official creditors (current US$)"
603,"Principal arrears, private creditors (current US$)"
604,"Principal repayments on external debt, long-term (AMT, current US$)"
605,"Principal repayments on external debt, long-term + IMF (AMT, current US$)"
606,"Principal repayments on external debt, private nonguaranteed (PNG) (AMT, current US$)"
607,"Principal repayments on external debt, public and publicly guaranteed (PPG) (AMT, current US$)"
608,Short-term debt (% of total external debt)
609,Short-term debt (% of total reserves)
610,"Undisbursed external debt, official creditors (UND, current US$)"
611,"Undisbursed external debt, private creditors (UND, current US$)"
612,"Undisbursed external debt, total (UND, current US$)"
613,"Use of IMF credit (DOD, current US$)"
614,"Gross intake ratio to Grade 1 of primary education, female (%)"
615,"Gross intake ratio to Grade 1 of primary education, male (%)"
616,"Survival rate to the last grade of primary education, female (%)"
617,"Survival rate to the last grade of primary education, male (%)"
618,"Percentage of repeaters in secondary general education, all grades, both sexes (%)"
619,"Percentage of repeaters in secondary general education, all grades, female (%)"
620,"Percentage of repeaters in secondary general education, all grades, male (%)"
621,"Primary to secondary general education transition rate, female (%)"
622,"Primary to secondary general education transition rate, male (%)"
623,"Adjusted net savings, excluding particulate emission damage (% of GNI)"
624,Adjusted savings: net national savings (% of GNI)
625,"Grants, excluding technical cooperation (BoP, current US$)"
626,"Technical cooperation grants (BoP, current US$)"
627,Adjusted savings: carbon dioxide damage (current US$)
628,Adjusted savings: consumption of fixed capital (current US$)
629,Adjusted savings: education expenditure (current US$)
630,Adjusted savings: energy depletion (current US$)
631,Adjusted savings: mineral depletion (current US$)
632,Adjusted savings: net forest depletion (current US$)
633,Official entrance age to lower secondary education (years)
634,Official entrance age to primary education (years)
635,Theoretical duration of primary education (years)
636,Theoretical duration of secondary education (years)
637,"Personal remittances, received (% of GDP)"
638,Government expenditure on education as % of GDP (%)
639,"Survival rate to Grade 5 of primary education, both sexes (%)"
640,"Survival rate to Grade 5 of primary education, female (%)"
641,"Survival rate to Grade 5 of primary education, male (%)"
642,"Adjusted net savings, excluding particulate emission damage (current US$)"
643,Adjusted savings: net national savings (current US$)
644,"Debt service (PPG and IMF only, % of exports of goods, services and primary income)"
645,"External debt stocks (% of exports of goods, services and primary income)"
646,"Interest payments on external debt (% of exports of goods, services and primary income)"
647,"Total debt service (% of exports of goods, services and primary income)"
648,Expenditure on primary as % of government expenditure on education (%)
649,Expenditure on secondary as % of government expenditure on education (%)
650,Expenditure on tertiary as % of government expenditure on education (%)
651,"Adult literacy rate, population 15+ years, both sexes (%)"
652,"Adult literacy rate, population 15+ years, female (%)"
653,"Adult literacy rate, population 15+ years, male (%)"
654,"Prevalence of overweight, weight for height, female (% of children under 5)"
655,"Prevalence of overweight, weight for height, male (% of children under 5)"
656,"Prevalence of severe wasting, weight for height (% of children under 5)"
657,"Prevalence of severe wasting, weight for height, female (% of children under 5)"
658,"Prevalence of severe wasting, weight for height, male (% of children under 5)"
659,"Prevalence of stunting, height for age, female (% of children under 5)"
660,"Prevalence of stunting, height for age, male (% of children under 5)"
661,"Prevalence of underweight, weight for age, female (% of children under 5)"
662,"Prevalence of underweight, weight for age, male (% of children under 5)"
663,"Prevalence of wasting, weight for height, female (% of children under 5)"
664,"Prevalence of wasting, weight for height, male (% of children under 5)"
665,"Foreign direct investment, net (BoP, current US$)"
666,Total reserves (% of total external debt)
667,Adjusted net national income (annual % growth)
668,Adjusted net national income per capita (annual % growth)
669,"Net bilateral aid flows from DAC donors, Ireland (current US$)"
670,Government expenditure per secondary student as % of GDP per capita (%)
671,Government expenditure per primary student as % of GDP per capita (%)
672,"Listed domestic companies, total"
673,Market capitalization of listed domestic companies (% of GDP)
674,Market capitalization of listed domestic companies (current US$)
675,"Stocks traded, total value (% of GDP)"
676,"Stocks traded, total value (current US$)"
677,Real effective exchange rate index (2010 = 100)
678,"Youth literacy rate, population 15-24 years, both sexes (%)"
679,"Youth literacy rate, population 15-24 years, female (%)"
680,"Youth literacy rate, population 15-24 years, gender parity index (GPI)"
681,"Youth literacy rate, population 15-24 years, male (%)"
682,"Foreign direct investment, net outflows (% of GDP)"
683,"Stocks traded, turnover ratio of domestic shares (%)"
684,Poverty headcount ratio at national poverty lines (% of population)
685,Rural poverty headcount ratio at national poverty lines (% of rural population)
686,Urban poverty headcount ratio at national poverty lines (% of urban population)
687,"Net official flows from UN agencies, UNFPA (current US$)"
688,"Net official flows from UN agencies, IFAD (current US$)"
689,Agriculture value added per worker (constant 2005 US$)
690,"Immunization, DPT (% of children ages 12-23 months)"
691,"Labor force participation rate for ages 15-24, female (%) (national estimate)"
692,"Labor force participation rate for ages 15-24, male (%) (national estimate)"
693,"Labor force participation rate for ages 15-24, total (%) (national estimate)"
694,"Labor force participation rate, female (% of female population ages 15+) (national estimate)"
695,"Labor force participation rate, male (% of male population ages 15+) (national estimate)"
696,"Labor force participation rate, total (% of total population ages 15+) (national estimate)"
697,Rail lines (total route-km)
698,"Railways, goods transported (million ton-km)"
699,"Railways, passengers carried (million passenger-km)"
700,"Net bilateral aid flows from DAC donors, Spain (current US$)"
701,"Immunization, measles (% of children ages 12-23 months)"
702,Newborns protected against tetanus (%)
703,"Employment to population ratio, 15+, female (%) (national estimate)"
704,"Employment to population ratio, 15+, male (%) (national estimate)"
705,"Employment to population ratio, 15+, total (%) (national estimate)"
706,"Employment to population ratio, ages 15-24, female (%) (national estimate)"
707,"Employment to population ratio, ages 15-24, male (%) (national estimate)"
708,"Employment to population ratio, ages 15-24, total (%) (national estimate)"
709,"Unemployment, youth female (% of female labor force ages 15-24) (national estimate)"
710,"Unemployment, youth male (% of male labor force ages 15-24) (national estimate)"
711,"Unemployment, youth total (% of total labor force ages 15-24) (national estimate)"
712,Export value index (2000 = 100)
713,Import value index (2000 = 100)
714,GDP per person employed (constant 1990 PPP $)
715,Export volume index (2000 = 100)
716,Import volume index (2000 = 100)
717,Net barter terms of trade index (2000 = 100)
718,Ratio of female to male labor force participation rate (%) (national estimate)
719,"Unemployment, total (% of total labor force) (national estimate)"
720,"Contributing family workers, female (% of females employed)"
721,"Contributing family workers, male (% of males employed)"
722,"Contributing family workers, total (% of total employed)"
723,Employment in agriculture (% of total employment)
724,"Employment in agriculture, female (% of female employment)"
725,"Employment in agriculture, male (% of male employment)"
726,Employment in industry (% of total employment)
727,"Employment in industry, female (% of female employment)"
728,"Employment in industry, male (% of male employment)"
729,Employment in services (% of total employment)
730,"Employment in services, female (% of female employment)"
731,"Employment in services, male (% of male employment)"
732,Long-term unemployment (% of total unemployment)
733,"Long-term unemployment, female (% of female unemployment)"
734,"Long-term unemployment, male (% of male unemployment)"
735,"Self-employed, female (% of females employed)"
736,"Self-employed, male (% of males employed)"
737,"Self-employed, total (% of total employed)"
738,"Unemployment, female (% of female labor force) (national estimate)"
739,"Unemployment, male (% of male labor force) (national estimate)"
740,"Wage and salaried workers, female (% of females employed)"
741,"Wage and salaried workers, total (% of total employed)"
742,"Wage and salary workers, male (% of males employed)"
743,"Part time employment, female (% of total female employment)"
744,"Part time employment, female (% of total part time employment)"
745,"Part time employment, male (% of total male employment)"
746,"Part time employment, total (% of total employment)"
747,Unemployment with primary education (% of total unemployment)
748,"Unemployment with primary education, female (% of female unemployment)"
749,"Unemployment with primary education, male (% of male unemployment)"
750,Unemployment with secondary education (% of total unemployment)
751,"Unemployment with secondary education, female (% of female unemployment)"
752,"Unemployment with secondary education, male (% of male unemployment)"
753,Unemployment with tertiary education (% of total unemployment)
754,"Unemployment with tertiary education, female (% of female unemployment)"
755,"Unemployment with tertiary education, male (% of male unemployment)"
756,"Employers, total (% of employment)"
757,"Vulnerable employment, total (% of total employment)"
758,"Employers, female (% of employment)"
759,"Employers, male (% of employment)"
760,Labor force with primary education (% of total)
761,"Labor force with primary education, female (% of female labor force)"
762,"Labor force with primary education, male (% of male labor force)"
763,Labor force with secondary education (% of total)
764,"Labor force with secondary education, female (% of female labor force)"
765,"Labor force with secondary education, male (% of male labor force)"
766,Labor force with tertiary education (% of total)
767,"Labor force with tertiary education, female (% of female labor force)"
768,"Labor force with tertiary education, male (% of male labor force)"
769,"Vulnerable employment, female (% of female employment)"
770,"Vulnerable employment, male (% of male employment)"
771,Scientific and technical journal articles
772,Poverty gap at $1.90 a day (2011 PPP) (%)
773,Poverty gap at $3.10 a day (2011 PPP) (%)
774,Poverty headcount ratio at $1.90 a day (2011 PPP) (% of population)
775,Poverty headcount ratio at $3.10 a day (2011 PPP) (% of population)
776,GINI index (World Bank estimate)
777,Income share held by fourth 20%
778,Income share held by highest 10%
779,Income share held by highest 20%
780,Income share held by lowest 10%
781,Income share held by lowest 20%
782,Income share held by second 20%
783,Income share held by third 20%
784,Government expenditure per tertiary student as % of GDP per capita (%)
785,Pregnant women receiving prenatal care (%)
786,Births attended by skilled health staff (% of total)
787,"Armed forces personnel, total"
788,Diarrhea treatment (% of children under 5 who received ORS packet)
789,Teenage mothers (% of women ages 15-19 who have had children or are currently pregnant)
790,Wanted fertility rate (births per woman)
791,"Female legislators, senior officials and managers (% of total)"
792,Exclusive breastfeeding (% of children under 6 months)
793,Military expenditure (% of GDP)
794,High-technology exports (% of manufactured exports)
795,"Share of tariff lines with international peaks, all products (%)"
796,"Share of tariff lines with international peaks, manufactured products (%)"
797,"Share of tariff lines with international peaks, primary products (%)"
798,"Share of tariff lines with specific rates, all products (%)"
799,"Share of tariff lines with specific rates, manufactured products (%)"
800,"Share of tariff lines with specific rates, primary products (%)"
801,"Tariff rate, applied, simple mean, all products (%)"
802,"Tariff rate, applied, simple mean, manufactured products (%)"
803,"Tariff rate, applied, simple mean, primary products (%)"
804,"Tariff rate, applied, weighted mean, all products (%)"
805,"Tariff rate, applied, weighted mean, manufactured products (%)"
806,"Tariff rate, applied, weighted mean, primary products (%)"
807,"Tariff rate, most favored nation, simple mean, all products (%)"
808,"Tariff rate, most favored nation, simple mean, manufactured products (%)"
809,"Tariff rate, most favored nation, simple mean, primary products (%)"
810,"Tariff rate, most favored nation, weighted mean, all products (%)"
811,"Tariff rate, most favored nation, weighted mean, manufactured products (%)"
812,"Tariff rate, most favored nation, weighted mean, primary products (%)"
813,High-technology exports (current US$)
814,Military expenditure (current LCU)
815,Debt buyback (current US$)
816,Debt forgiveness or reduction (current US$)
817,Debt stock reduction (current US$)
818,Debt stock rescheduled (current US$)
819,Interest forgiven (current US$)
820,Interest rescheduled (capitalized) (current US$)
821,"Interest rescheduled, official (current US$)"
822,"Interest rescheduled, private (current US$)"
823,Net change in interest arrears (current US$)
824,Principal forgiven (current US$)
825,Principal rescheduled (current US$)
826,"Principal rescheduled, official (current US$)"
827,"Principal rescheduled, private (current US$)"
828,"Residual, debt stock-flow reconciliation (current US$)"
829,Total amount of debt rescheduled (current US$)
830,Total change in external debt stocks (current US$)
831,Battle-related deaths (number of people)
832,Access to electricity (% of population)
833,"Access to electricity, rural (% of rural population)"
834,"Access to electricity, urban (% of urban population)"
835,Access to non-solid fuel (% of population)
836,"Adjusted net savings, including particulate emission damage (% of GNI)"
837,Adjusted savings: particulate emission damage (% of GNI)
838,Agricultural methane emissions (% of total)
839,Agricultural nitrous oxide emissions (% of total)
840,Armed forces personnel (% of total labor force)
841,CO2 emissions (kg per 2011 PPP $ of GDP)
842,CO2 emissions (kg per PPP $ of GDP)
843,Emigration rate of tertiary educated (% of total tertiary educated population)
844,Energy intensity level of primary energy (MJ/$2011 PPP GDP)
845,Energy related methane emissions (% of total)
846,"Energy use (kg of oil equivalent) per $1,000 GDP (constant 2011 PPP)"
847,Forest area (% of land area)
848,Forest area (sq. km)
849,"GDP per capita, PPP (constant 2011 international $)"
850,"GDP per capita, PPP (current international $)"
851,GDP per unit of energy use (constant 2011 PPP $ per kg of oil equivalent)
852,GDP per unit of energy use (PPP $ per kg of oil equivalent)
853,"GDP, PPP (constant 2011 international $)"
854,"GDP, PPP (current international $)"
855,"GNI per capita, PPP (current international $)"
856,"GNI, PPP (current international $)"
857,"Household final consumption expenditure, PPP (current international $)"
858,Improved sanitation facilities (% of population with access)
859,"Improved sanitation facilities, rural (% of rural population with access)"
860,"Improved sanitation facilities, urban (% of urban population with access)"
861,Improved water source (% of population with access)
862,"Improved water source, rural (% of rural population with access)"
863,"Improved water source, urban (% of urban population with access)"
864,"Labor force participation rate for ages 15-24, female (%) (modeled ILO estimate)"
865,"Labor force participation rate for ages 15-24, male (%) (modeled ILO estimate)"
866,"Labor force participation rate for ages 15-24, total (%) (modeled ILO estimate)"
867,"Labor force participation rate, female (% of female population ages 15+) (modeled ILO estimate)"
868,"Labor force participation rate, female (% of female population ages 15-64) (modeled ILO estimate)"
869,"Labor force participation rate, male (% of male population ages 15+) (modeled ILO estimate)"
870,"Labor force participation rate, male (% of male population ages 15-64) (modeled ILO estimate)"
871,"Labor force participation rate, total (% of total population ages 15+) (modeled ILO estimate)"
872,"Labor force participation rate, total (% of total population ages 15-64) (modeled ILO estimate)"
873,"Labor force, female (% of total labor force)"
874,"Labor force, total"
875,Land area where elevation is below 5 meters (% of total land area)
876,Lifetime risk of maternal death (%)
877,Lifetime risk of maternal death (1 in: rate varies by country)
878,Marine protected areas (% of territorial waters)
879,"Maternal mortality ratio (modeled estimate, per 100,000 live births)"
880,Methane emissions (kt of CO2 equivalent)
881,Methane emissions in energy sector (thousand metric tons of CO2 equivalent)
882,"Mortality rate, infant, female (per 1,000 live births)"
883,"Mortality rate, infant, male (per 1,000 live births)"
884,"Mortality rate, neonatal (per 1,000 live births)"
885,"Mortality rate, under-5, female (per 1,000 live births)"
886,"Mortality rate, under-5, male (per 1,000 live births)"
887,"Net bilateral aid flows from DAC donors, Luxembourg (current US$)"
888,Nitrous oxide emissions (thousand metric tons of CO2 equivalent)
889,Nitrous oxide emissions in energy sector (thousand metric tons of CO2 equivalent)
890,Nitrous oxide emissions in industrial and energy processes (% of total nitrous oxide emissions)
891,Number of maternal deaths
892,"Other greenhouse gas emissions, HFC, PFC and SF6 (thousand metric tons of CO2 equivalent)"
893,"PM2.5 air pollution, mean annual exposure (micrograms per cubic meter)"
894,"PM2.5 air pollution, population exposed to levels exceeding WHO guideline value (% of total)"
895,Population living in areas where elevation is below 5 meters (% of total population)
896,Prevalence of anemia among children (% of children under 5)
897,Prevalence of anemia among non-pregnant women (% of women ages 15-49)
898,Prevalence of anemia among pregnant women (%)
899,"Prevalence of HIV, female (% ages 15-24)"
900,"Prevalence of HIV, male (% ages 15-24)"
901,"Prevalence of HIV, total (% of population ages 15-49)"
902,Proportion of seats held by women in national parliaments (%)
903,Ratio of female to male labor force participation rate (%) (modeled ILO estimate)
904,Refugee population by country or territory of asylum
905,Refugee population by country or territory of origin
906,Renewable electricity output (% of total electricity output)
907,Renewable energy consumption (% of total final energy consumption)
908,SF6 gas emissions (thousand metric tons of CO2 equivalent)
909,Terrestrial and marine protected areas (% of total territorial area)
910,Terrestrial protected areas (% of total land area)
911,Women's share of population ages 15+ living with HIV (%)
912,Completeness of death registration with cause-of-death information (%)
913,Share of women in wage employment in the nonagricultural sector (% of total nonagricultural employment)
914,HFC gas emissions (thousand metric tons of CO2 equivalent)
915,"Household final consumption expenditure, PPP (constant 2011 international $)"
916,Net official aid received (constant 2012 US$)
917,Net official aid received (current US$)
918,PFC gas emissions (thousand metric tons of CO2 equivalent)
919,"GNI per capita, PPP (constant 2011 international $)"
920,"GNI, PPP (constant 2011 international $)"
921,"Incidence of tuberculosis (per 100,000 people)"
922,"Tuberculosis case detection rate (%, all forms)"
923,Unmet need for contraception (% of married women ages 15-49)
924,"Community health workers (per 1,000 people)"
925,Investment in transport with private participation (current US$)
926,Number of neonatal deaths
927,"Nurses and midwives (per 1,000 people)"
928,Cash surplus/deficit (% of GDP)
929,Expense (% of GDP)
930,Military expenditure (% of central government expenditure)
931,"Revenue, excluding grants (% of GDP)"
932,Tax revenue (% of GDP)
933,Grants and other revenue (% of revenue)
934,Other taxes (% of revenue)
935,Taxes on goods and services (% of revenue)
936,"Taxes on income, profits and capital gains (% of revenue)"
937,Taxes on international trade (% of revenue)
938,Interest payments (% of revenue)
939,"Central government debt, total (% of GDP)"
940,Interest payments (% of expense)
941,"Net incurrence of liabilities, domestic (% of GDP)"
942,"Net incurrence of liabilities, foreign (% of GDP)"
943,Children (0-14) living with HIV
944,"Adjusted net savings, including particulate emission damage (current US$)"
945,Adjusted savings: particulate emission damage (current US$)
946,Agricultural methane emissions (thousand metric tons of CO2 equivalent)
947,Agricultural nitrous oxide emissions (thousand metric tons of CO2 equivalent)
948,Industrial nitrous oxide emissions (thousand metric tons of CO2 equivalent)
949,"PPP conversion factor, GDP (LCU per international $)"
950,Price level ratio of PPP conversion factor (GDP) to market exchange rate
951,"PPP conversion factor, private consumption (LCU per international $)"
952,GHG net emissions/removals by LUCF (Mt of CO2 equivalent)
953,Investment in telecoms with private participation (current US$)
954,S&P Global Equity Indices (annual % change)
955,Cash surplus/deficit (current LCU)
956,"Central government debt, total (current LCU)"
957,Compensation of employees (% of expense)
958,Compensation of employees (current LCU)
959,Customs and other import duties (% of tax revenue)
960,Customs and other import duties (current LCU)
961,Expense (current LCU)
962,Goods and services expense (% of expense)
963,Goods and services expense (current LCU)
964,Grants and other revenue (current LCU)
965,Interest payments (current LCU)
966,"Net incurrence of liabilities, domestic (current LCU)"
967,"Net incurrence of liabilities, foreign (current LCU)"
968,Net ODA received (% of central government expense)
969,Other expense (% of expense)
970,Other expense (current LCU)
971,Other taxes (current LCU)
972,"Revenue, excluding grants (current LCU)"
973,Subsidies and other transfers (% of expense)
974,Subsidies and other transfers (current LCU)
975,Tax revenue (current LCU)
976,Taxes on exports (% of tax revenue)
977,Taxes on exports (current LCU)
978,Taxes on goods and services (% value added of industry and services)
979,Taxes on goods and services (current LCU)
980,Taxes on international trade (current LCU)
981,"Taxes on income, profits and capital gains (% of total taxes)"
982,"Taxes on income, profits and capital gains (current LCU)"
983,Social contributions (% of revenue)
984,Social contributions (current LCU)
985,Investment in energy with private participation (current US$)
986,ARI treatment (% of children under 5 taken to a health provider)
987,Diarrhea treatment (% of children under 5 receiving oral rehydration and continued feeding)
988,Female headed households (% of households with a female head)
989,Low-birthweight babies (% of births)
990,"Employment to population ratio, 15+, female (%) (modeled ILO estimate)"
991,"Employment to population ratio, 15+, male (%) (modeled ILO estimate)"
992,"Employment to population ratio, 15+, total (%) (modeled ILO estimate)"
993,"Employment to population ratio, ages 15-24, female (%) (modeled ILO estimate)"
994,"Employment to population ratio, ages 15-24, male (%) (modeled ILO estimate)"
995,"Employment to population ratio, ages 15-24, total (%) (modeled ILO estimate)"
996,Prevalence of undernourishment (% of population)
997,"Unemployment, female (% of female labor force)"
998,"Unemployment, male (% of male labor force)"
999,"Unemployment, total (% of total labor force)"
1000,"Unemployment, youth female (% of female labor force ages 15-24) (modeled ILO estimate)"
1001,"Unemployment, youth male (% of male labor force ages 15-24) (modeled ILO estimate)"
1002,"Unemployment, youth total (% of total labor force ages 15-24) (modeled ILO estimate)"
1003,Pump price for diesel fuel (US$ per liter)
1004,Pump price for gasoline (US$ per liter)
1005,Investment in water and sanitation with private participation (current US$)
1006,Depth of the food deficit (kilocalories per person per day)
1007,Merchandise exports to developing economies in Europe & Central Asia (% of total merchandise exports)
1008,Merchandise imports from developing economies in Europe & Central Asia (% of total merchandise imports)
1009,"Net bilateral aid flows from DAC donors, Iceland (current US$)"
1010,Poverty gap at national poverty lines (%)
1011,Rural poverty gap at national poverty lines (%)
1012,Urban poverty gap at national poverty lines (%)
1013,Consumption of iodized salt (% of households)
1014,Tuberculosis treatment success rate (% of new cases)
1015,"Condom use, population ages 15-24, female (% of females ages 15-24)"
1016,"Condom use, population ages 15-24, male (% of males ages 15-24)"
1017,"Children in employment, female (% of female children ages 7-14)"
1018,"Children in employment, male (% of male children ages 7-14)"
1019,"Children in employment, study and work (% of children in employment, ages 7-14)"
1020,"Children in employment, study and work, female (% of female children in employment, ages 7-14)"
1021,"Children in employment, study and work, male (% of male children in employment, ages 7-14)"
1022,"Children in employment, total (% of children ages 7-14)"
1023,"Children in employment, work only (% of children in employment, ages 7-14)"
1024,"Children in employment, work only, female (% of female children in employment, ages 7-14)"
1025,"Children in employment, work only, male (% of male children in employment, ages 7-14)"
1026,External resources for health (% of total expenditure on health)
1027,Health expenditure per capita (current US$)
1028,"Health expenditure per capita, PPP (constant 2011 international $)"
1029,"Health expenditure, private (% of GDP)"
1030,"Health expenditure, public (% of GDP)"
1031,"Health expenditure, public (% of total health expenditure)"
1032,"Health expenditure, total (% of GDP)"
1033,"International tourism, number of arrivals"
1034,"International tourism, receipts (current US$)"
1035,Out-of-pocket health expenditure (% of private expenditure on health)
1036,Out-of-pocket health expenditure (% of total expenditure on health)
1037,"International tourism, expenditures (current US$)"
1038,"International tourism, expenditures for passenger transport items (current US$)"
1039,"International tourism, expenditures for travel items (current US$)"
1040,"International tourism, number of departures"
1041,"International tourism, receipts for passenger transport items (current US$)"
1042,"International tourism, receipts for travel items (current US$)"
1043,"Intentional homicides (per 100,000 people)"
1044,"Health expenditure, public (% of government expenditure)"
1045,"Binding coverage, all products (%)"
1046,"Binding coverage, manufactured products (%)"
1047,"Binding coverage, primary products (%)"
1048,"Bound rate, simple mean, all products (%)"
1049,"Bound rate, simple mean, manufactured products (%)"
1050,"Bound rate, simple mean, primary products (%)"
1051,Expenditure on education as % of total government expenditure (%)
1052,"Net bilateral aid flows from DAC donors, Greece (current US$)"
1053,Research and development expenditure (% of GDP)
1054,Researchers in R&D (per million people)
1055,Technicians in R&D (per million people)
1056,Bank nonperforming loans to total gross loans (%)
1057,"Internally displaced persons (number, high estimate)"
1058,Percentage of enrolment in secondary education in private institutions (%)
1059,"Net intake rate to Grade 1 of primary education, both sexes (%)"
1060,"Net intake rate to Grade 1 of primary education, female (%)"
1061,"Net intake rate to Grade 1 of primary education, male (%)"
1062,"Percentage of teachers in primary education who are trained, both sexes (%)"
1063,"Internally displaced persons (number, low estimate)"
1064,Bank liquid reserves to bank assets ratio (%)
1065,Broad money (% of GDP)
1066,Broad money (current LCU)
1067,Broad money to total reserves ratio
1068,"Claims on central government, etc. (% GDP)"
1069,Claims on other sectors of the domestic economy (% of GDP)
1070,Domestic credit provided by financial sector (% of GDP)
1071,Domestic credit to private sector (% of GDP)
1072,Domestic credit to private sector by banks (% of GDP)
1073,Liquid liabilities (M3) as % of GDP
1074,Money (current LCU)
1075,Money and quasi money (M2) (current LCU)
1076,Money and quasi money (M2) as % of GDP
1077,Money and quasi money (M2) to total reserves ratio
1078,Net domestic credit (current LCU)
1079,Net foreign assets (current LCU)
1080,Quasi money (current LCU)
1081,Quasi-liquid liabilities (% of GDP)
1082,"Percentage of female teachers in primary education who are trained, female (%)"
1083,"Percentage of male teachers in primary education who are trained, male (%)"
1084,Fixed broadband subscriptions
1085,Fixed broadband subscriptions (per 100 people)
1086,"All education staff compensation, primary (% of total expenditure in primary public institutions)"
1087,"All education staff compensation, secondary (% of total expenditure in secondary public institutions)"
1088,"All education staff compensation, tertiary (% of total expenditure in tertiary public institutions)"
1089,"All education staff compensation, total (% of total expenditure in public institutions)"
1090,"Current education expenditure, primary (% of total expenditure in primary public institutions)"
1091,"Current education expenditure, secondary (% of total expenditure in secondary public institutions)"
1092,"Current education expenditure, tertiary (% of total expenditure in tertiary public institutions)"
1093,"Current education expenditure, total (% of total expenditure in public institutions)"
1094,"Share of youth not in education, employment, or training, female (% of female youth population)"
1095,"Share of youth not in education, employment, or training, male (% of male youth population)"
1096,"Share of youth not in education, employment, or training, total (% of youth population)"
1097,Broad money growth (annual %)
1098,Claims on central government (annual growth as % of broad money)
1099,Claims on other sectors of the domestic economy (annual growth as % of broad money)
1100,Claims on private sector (annual growth as % of broad money)
1101,Money and quasi money growth (annual %)
1102,Children with fever receiving antimalarial drugs (% of children under age 5 with fever)
1103,Child employment in agriculture (% of economically active children ages 7-14)
1104,"Child employment in agriculture, female (% of female economically active children ages 7-14)"
1105,"Child employment in agriculture, male (% of male economically active children ages 7-14)"
1106,Child employment in manufacturing (% of economically active children ages 7-14)
1107,"Child employment in manufacturing, female (% of female economically active children ages 7-14)"
1108,"Child employment in manufacturing, male (% of male economically active children ages 7-14)"
1109,Child employment in services (% of economically active children ages 7-14)
1110,"Child employment in services, female (% of female economically active children ages 7-14)"
1111,"Child employment in services, male (% of male economically active children ages 7-14)"
1112,Vitamin A supplementation coverage rate (% of children ages 6-59 months)
1113,Use of insecticide-treated bed nets (% of under-5 population)
1114,"Average working hours of children, study and work, ages 7-14 (hours per week)"
1115,"Average working hours of children, study and work, female, ages 7-14 (hours per week)"
1116,"Average working hours of children, study and work, male, ages 7-14 (hours per week)"
1117,"Average working hours of children, working only, ages 7-14 (hours per week)"
1118,"Average working hours of children, working only, female, ages 7-14 (hours per week)"
1119,"Average working hours of children, working only, male, ages 7-14 (hours per week)"
1120,"Children in employment, self-employed (% of children in employment, ages 7-14)"
1121,"Children in employment, self-employed, female (% of female children in employment, ages 7-14)"
1122,"Children in employment, self-employed, male (% of male children in employment, ages 7-14)"
1123,"Children in employment, unpaid family workers (% of children in employment, ages 7-14)"
1124,"Children in employment, unpaid family workers, female (% of female children in employment, ages 7-14)"
1125,"Children in employment, unpaid family workers, male (% of male children in employment, ages 7-14)"
1126,"Children in employment, wage workers (% of children in employment, ages 7-14)"
1127,"Children in employment, wage workers, female (% of female children in employment, ages 7-14)"
1128,"Children in employment, wage workers, male (% of male children in employment, ages 7-14)"
1129,Completeness of infant death reporting (% of reported infant deaths to estimated infant deaths)
1130,Women who believe a husband is justified in beating his wife (any of five reasons) (%)
1131,Women who believe a husband is justified in beating his wife when she argues with him (%)
1132,Women who believe a husband is justified in beating his wife when she burns the food (%)
1133,Women who believe a husband is justified in beating his wife when she goes out without telling him (%)
1134,Women who believe a husband is justified in beating his wife when she neglects the children (%)
1135,Women who believe a husband is justified in beating his wife when she refuses sex with him (%)
1136,Antiretroviral therapy coverage (% of people living with HIV)
1137,"Cause of death, by communicable diseases and maternal, prenatal and nutrition conditions (% of total)"
1138,"Cause of death, by injury (% of total)"
1139,"Cause of death, by non-communicable diseases (% of total)"
1140,ICT goods exports (% of total goods exports)
1141,ICT goods imports (% total goods imports)
1142,Bank capital to assets ratio (%)
1143,"Smoking prevalence, females (% of adults)"
1144,"Smoking prevalence, males (% of adults)"
1145,Container port traffic (TEU: 20 foot equivalent units)
1146,Completeness of birth registration (%)
1147,"Completeness of birth registration, rural (%)"
1148,"Completeness of birth registration, urban (%)"
1149,Secure Internet servers
1150,Secure Internet servers (per 1 million people)
1151,"Currency composition of PPG debt, Euro (%)"
1152,Agricultural irrigated land (% of total agricultural land)
1153,"Borrowers from commercial banks (per 1,000 adults)"
1154,"Commercial bank branches (per 100,000 adults)"
1155,"Depositors with commercial banks (per 1,000 adults)"
1156,Completeness of total death reporting (% of reported total deaths to estimated total deaths)
1157,"Automated teller machines (ATMs) (per 100,000 adults)"
1158,Fertilizer consumption (% of fertilizer production)
1159,Fertilizer consumption (kilograms per hectare of arable land)
1160,Firms that do not report all sales for tax purposes (% of firms)
1161,Firms using banks to finance working capital (% of firms)
1162,Average time to clear exports through customs (days)
1163,Delay in obtaining an electrical connection (days)
1164,Firms expected to give gifts in meetings with tax officials (% of firms)
1165,Firms offering formal training (% of firms)
1166,Firms using banks to finance investment (% of firms)
1167,Informal payments to public officials (% of firms)
1168,Internationally-recognized quality certification (% of firms)
1169,"Losses due to theft, robbery, vandalism, and arson (% sales)"
1170,Time spent dealing with the requirements of government regulations (% of senior management time)
1171,Cost of business start-up procedures (% of GNI per capita)
1172,Start-up procedures to register a business (number)
1173,Time required to enforce a contract (days)
1174,Time required to start a business (days)
1175,Number of visits or required meetings with tax officials
1176,Time required to obtain an operating license (days)
1177,"Survey mean consumption or income per capita, bottom 40% of population (2011 PPP $ per day)"
1178,"Survey mean consumption or income per capita, total population (2011 PPP $ per day)"
1179,"New business density (new registrations per 1,000 people ages 15-64)"
1180,Private credit bureau coverage (% of adults)
1181,Procedures to register property (number)
1182,Public credit registry coverage (% of adults)
1183,Time required to register property (days)
1184,Methodology assessment of statistical capacity (scale 0 - 100)
1185,Overall level of statistical capacity (scale 0 - 100)
1186,Periodicity and timeliness assessment of statistical capacity (scale 0 - 100)
1187,Source data assessment of statistical capacity (scale 0 - 100)
1188,New businesses registered (number)
1189,Liner shipping connectivity index (maximum value in 2004 = 100)
1190,Adequacy of social insurance programs (% of total welfare of beneficiary households)
1191,Adequacy of social protection and labor programs (% of total welfare of beneficiary households)
1192,Adequacy of unemployment benefits and ALMP (% of total welfare of beneficiary households)
1193,Benefits incidence in poorest quintile (%) - All Labor Market
1194,Benefits incidence in poorest quintile (%) - All Social Insurance
1195,Benefits incidence in poorest quintile (%) -All Social Protection and Labor
1196,Coverage (%) - All Labor Market
1197,Coverage (%) - All Social Insurance
1198,Coverage (%) -All Social Protection and Labor
1199,Coverage (%) - All Social Assistance
1200,Firms with female participation in ownership (% of firms)
1201,Adequacy of social safety net programs (% of total welfare of beneficiary households)
1202,Benefits incidence in poorest quintile (%) - All Social Assistance
1203,Business extent of disclosure index (0=less disclosure to 10=more disclosure)
1204,"Charges for the use of intellectual property, payments (BoP, current US$)"
1205,"Charges for the use of intellectual property, receipts (BoP, current US$)"
1206,Commercial service exports (current US$)
1207,Commercial service imports (current US$)
1208,"Communications, computer, etc. (% of service exports, BoP)"
1209,"Communications, computer, etc. (% of service imports, BoP)"
1210,"Computer, communications and other services (% of commercial service exports)"
1211,"Computer, communications and other services (% of commercial service imports)"
1212,Cost to export (US$ per container)
1213,Cost to import (US$ per container)
1214,CPIA building human resources rating (1=low to 6=high)
1215,CPIA business regulatory environment rating (1=low to 6=high)
1216,CPIA debt policy rating (1=low to 6=high)
1217,CPIA economic management cluster average (1=low to 6=high)
1218,CPIA efficiency of revenue mobilization rating (1=low to 6=high)
1219,CPIA equity of public resource use rating (1=low to 6=high)
1220,CPIA financial sector rating (1=low to 6=high)
1221,CPIA fiscal policy rating (1=low to 6=high)
1222,CPIA gender equality rating (1=low to 6=high)
1223,CPIA macroeconomic management rating (1=low to 6=high)
1224,CPIA policies for social inclusion/equity cluster average (1=low to 6=high)
1225,CPIA policy and institutions for environmental sustainability rating (1=low to 6=high)
1226,CPIA property rights and rule-based governance rating (1=low to 6=high)
1227,CPIA public sector management and institutions cluster average (1=low to 6=high)
1228,CPIA quality of budgetary and financial management rating (1=low to 6=high)
1229,CPIA quality of public administration rating (1=low to 6=high)
1230,CPIA social protection rating (1=low to 6=high)
1231,CPIA structural policies cluster average (1=low to 6=high)
1232,CPIA trade rating (1=low to 6=high)
1233,"CPIA transparency, accountability, and corruption in the public sector rating (1=low to 6=high)"
1234,Documents to export (number)
1235,Documents to import (number)
1236,"Exports of goods and services (BoP, current US$)"
1237,"Exports of goods, services and primary income (BoP, current US$)"
1238,"Goods exports (BoP, current US$)"
1239,"Goods imports (BoP, current US$)"
1240,IDA resource allocation index (1=low to 6=high)
1241,"Imports of goods and services (BoP, current US$)"
1242,"Imports of goods, services and primary income (BoP, current US$)"
1243,Insurance and financial services (% of commercial service imports)
1244,"Insurance and financial services (% of service imports, BoP)"
1245,"International tourism, expenditures (% of total imports)"
1246,"International tourism, receipts (% of total exports)"
1247,"Net bilateral aid flows from DAC donors, Czech Republic (current US$)"
1248,"Net bilateral aid flows from DAC donors, Poland (current US$)"
1249,"Net bilateral aid flows from DAC donors, Slovak Republic (current US$)"
1250,"Net ODA received (% of imports of goods, services and primary income)"
1251,"Net official flows from UN agencies, UNAIDS (current US$)"
1252,"Primary income payments (BoP, current US$)"
1253,"Primary income receipts (BoP, current US$)"
1254,Procedures to build a warehouse (number)
1255,"Secondary income, other sectors, payments (BoP, current US$)"
1256,"Service exports (BoP, current US$)"
1257,"Service imports (BoP, current US$)"
1258,Tax payments (number)
1259,Time required to build a warehouse (days)
1260,Time to export (days)
1261,Time to import (days)
1262,Time to prepare and pay taxes (hours)
1263,Total reserves in months of imports
1264,Total tax rate (% of commercial profits)
1265,Trade in services (% of GDP)
1266,Transport services (% of commercial service exports)
1267,Transport services (% of commercial service imports)
1268,"Transport services (% of service exports, BoP)"
1269,"Transport services (% of service imports, BoP)"
1270,Travel services (% of commercial service exports)
1271,Travel services (% of commercial service imports)
1272,"Travel services (% of service exports, BoP)"
1273,"Travel services (% of service imports, BoP)"
1274,"ICT service exports (% of service exports, BoP)"
1275,"ICT service exports (BoP, current US$)"
1276,Insurance and financial services (% of commercial service exports)
1277,"Insurance and financial services (% of service exports, BoP)"
1278,"Personal transfers, receipts (BoP, current US$)"
1279,"Secondary income receipts (BoP, current US$)"
1280,"Public and publicly guaranteed debt service (% of exports of goods, services and primary income)"
1281,"Short-term debt (% of exports of goods, services and primary income)"
1282,"2005 PPP conversion factor, GDP (LCU per international $)"
1283,"2005 PPP conversion factor, private consumption (LCU per international $)"
1284,GEF benefits index for biodiversity (0 = no biodiversity potential to 100 = maximum)
1285,Current account balance (% of GDP)
1286,"Current account balance (BoP, current US$)"
1287,"Net capital account (BoP, current US$)"
1288,"Net errors and omissions (BoP, current US$)"
1289,"Net financial account (BoP, current US$)"
1290,"Net primary income (BoP, current US$)"
1291,"Net trade in goods (BoP, current US$)"
1292,"Net trade in goods and services (BoP, current US$)"
1293,"Portfolio Investment, net (BoP, current US$)"
1294,"Reserves and related items (BoP, current US$)"
1295,"Survey mean consumption or income per capita, bottom 40% of population (2005 PPP $ per day)"
1296,"Survey mean consumption or income per capita, total population (2005 PPP $ per day)"
1297,Bribery incidence (% of firms experiencing at least one bribe payment request)
1298,"Net official flows from UN agencies, IAEA (current US$)"
1299,Firms competing against unregistered firms (% of firms)
1300,Power outages in firms in a typical month (number)
1301,Value lost due to electrical outages (% of sales)
1302,Firms formally registered when operations started (% of firms)
1303,"Burden of customs procedure, WEF (1=extremely inefficient to 7=extremely efficient)"
1304,"Lead time to export, median case (days)"
1305,"Lead time to import, median case (days)"
1306,Logistics performance index: Ability to track and trace consignments (1=low to 5=high)
1307,Logistics performance index: Competence and quality of logistics services (1=low to 5=high)
1308,Logistics performance index: Ease of arranging competitively priced shipments (1=low to 5=high)
1309,Logistics performance index: Efficiency of customs clearance process (1=low to 5=high)
1310,Logistics performance index: Frequency with which shipments reach consignee within scheduled or expected time (1=low to 5=high)
1311,Logistics performance index: Overall (1=low to 5=high)
1312,Logistics performance index: Quality of trade and transport-related infrastructure (1=low to 5=high)
1313,"Quality of port infrastructure, WEF (1=extremely underdeveloped to 7=well developed and efficient by international standards)"
1314,"Net official flows from UN agencies, UNPBF (current US$)"
1315,Firms with female top manager (% of firms)
1316,"Presence of peace keepers (number of troops, police, and military observers in mandate)"
1317,"Net bilateral aid flows from DAC donors, Slovenia (current US$)"
1318,"Net official flows from UN agencies, UNECE (current US$)"
1319,Distance to frontier score (0=lowest performance to 100=frontier)
1320,Time required to get electricity (days)
1321,"Point-of-sale terminals (per 100,000 adults)"
1322,"Net official flows from UN agencies, WHO (current US$)"
1323,"Droughts, floods, extreme temperatures (% of population, average 1990-2009)"
1324,"Annualized average growth rate in per capita real survey mean consumption or income, bottom 40% of population (%)"
1325,"Annualized average growth rate in per capita real survey mean consumption or income, total population (%)"
1326,"Access to non-solid fuel, rural (% of rural population)"
1327,"Access to non-solid fuel, urban (% of urban population)"
1328,Disaster risk reduction progress score (1-5 scale; 5=best)
1329,Depth of credit information index (0=low to 8=high)
1330,Labor tax and contributions (% of commercial profits)
1331,Profit tax (% of commercial profits)
1332,Strength of legal rights index (0=weak to 12=strong)
1333,Time to resolve insolvency (years)
1334,Diabetes prevalence (% of population ages 20 to 79)
1335,Ease of doing business index (1=most business-friendly regulations)
1336,Other taxes payable by businesses (% of commercial profits)
1337,Present value of external debt (current US$)
1338,Present value of external debt (% of GNI)
1339,"Present value of external debt (% of exports of goods, services and primary income)"
1340,"Bird species, threatened"
1341,"Fish species, threatened"
1342,"Mammal species, threatened"
1343,"Plant species (higher), threatened"
